CAS or NOCAS-number,SMILES,TC TPO inhibition activity,Presence in test set marked with *
50-22-6,C12C(C)(C3C(C4C(C)(C(C(=O)CO)CC4)CC3O)CC1)CCC(=O)C=2,Inactive,
50-28-2,c12c(C3C(C4C(C)(C(O)CC4)CC3)CC1)ccc(O)c2,Active,
50-29-3,C(Cl)(Cl)(Cl)C(c1ccc(Cl)cc1)c1ccc(Cl)cc1,Inactive,
50-35-1,C1(=O)c2c(C(=O)N1C1C(=O)NC(=O)CC1)cccc2,Inactive,
50-41-9,c1(C(c2ccc(OCCN(CC)CC)cc2)=C(Cl)c2ccccc2)ccccc1,Inactive,
50-78-2,C(=O)(O)c1c(OC(C)=O)cccc1,Inactive,
51-21-8,C1(=O)C(F)C=NC(=O)N1,Inactive,
51-24-1,c1(I)c(Oc2cc(I)c(O)cc2)c(I)cc(CC(=O)O)c1,Active,
51-28-5,c1(O)c(N(=O)=O)cc(N(=O)=O)cc1,Inactive,
51-30-9,c1(O)c(O)cc(C(O)CNC(C)C)cc1,Active,
51-52-5,C1(=O)CC(CCC)=NC(=S)N1,Active,
51-79-6,C(N)(=O)OCC,Inactive,
52-01-7,C12(C3(C)C(C4C(C5(C)C(=CC(=O)CC5)CC4SC(C)=O)CC3)CC1)CCC(=O)O2,Inactive,
52-51-7,C(Br)(CO)(CO)N(=O)=O,Inactive,
52-68-6,C(Cl)(Cl)(Cl)C(O)P(=O)(OC)OC,Inactive,
52-86-8,C(=O)(c1ccc(F)cc1)CCCN1CCC(O)(c2ccc(Cl)cc2)CC1,Inactive,
53-03-2,C(=O)(C1(O)C2(C)C(C3C(C4(C)C(=CC(=O)C=C4)CC3)C(=O)C2)CC1)CO,Inactive,
53-16-7,C1(=O)C2(C)C(C3C(c4c(cc(O)cc4)CC3)CC2)CC1,Inactive,
53-86-1,C1(CC(=O)O)c2c(ccc(OC)c2)N(C(=O)c2ccc(Cl)cc2)C=1C,Inactive,
54-11-5,c1(C2CCCN2C)cccnc1,Inactive,
54-85-3,C(=O)(c1ccncc1)NN,Active,
55-18-5,C(C)N(CC)N=O,Inactive,
55-38-9,c1(SC)c(C)cc(OP(=S)(OC)OC)cc1,Active,
55-98-1,C1(CCN)=CNC=N1,Active,
56-04-2,C1(=O)CC(C)=NC(=S)N1,Active,
56-81-5,C(O)(CO)CO,Inactive,
57-30-7,C1(=O)C(c2ccccc2)(CC)C(=O)NC(=O)N1,Inactive,
57-41-0,C1(=O)C(c2ccccc2)(c2ccccc2)NC(=O)N1,Inactive,
57-50-1,C1(CO)(OC2C(O)C(O)C(O)C(CO)O2)C(O)C(O)C(CO)O1,Inactive,
57-55-6,C(C)(O)CO,Inactive,
57-74-9,C12(Cl)C(Cl)(Cl)C(Cl)(C(Cl)=C1Cl)C1C(Cl)C(Cl)CC21,Inactive,
57-83-0,C12C(C)(C3C(C4C(C)(C(C(C)=O)CC4)CC3)CC1)CCC(=O)C=2,Inactive,
57-97-6,c12c(c3c(C)c4c(c(C)c3cc1)cccc4)cccc2,Inactive,
58-08-2,C1(=O)C2=C(N(C)C(=O)N1C)NC=N2C,Inactive,
58-14-0,c1(-c2c(CC)nc(N)nc2N)ccc(Cl)cc1,Inactive,
58-18-4,C1(C)(O)C2(C)C(C3C(C4(C)C(=CC(=O)CC4)CC3)CC2)CC1,Inactive,
58-55-9,C1(=O)C2=C(N(C)C(=O)N1C)N=CN2,Inactive,
58-93-5,c1(Cl)c(S(N)(=O)=O)cc2c(c1)NCNS2(=O)=O,Inactive,
59-30-3,C1(=O)c2c(ncc(CNc3ccc(C(=O)NC(C(=O)O)CCC(=O)O)cc3)n2)NC(N)=N1,Active,
59-50-7,c1(Cl)c(C)cc(O)cc1,Inactive,
59-67-6,C(=O)(O)c1cccnc1,Inactive,
59-87-0,C1(C=NNC(N)=O)=CC=C(N(=O)=O)O1,Inactive,
60-35-5,C(C)(N)=O,Inactive,
60-54-8,C1(=O)C2(O)C(=O)C3C(=O)c4c(C(C)(O)C3CC2C(N(C)C)C(=O)C1C(N)=O)cccc4O,Active,
60-56-0,C1(=S)N=CCN1C,Active,
62-23-7,C(=O)(O)c1ccc(N(=O)=O)cc1,Inactive,
62-38-4,C1(=O)c2c(cccc2)N=C2C1CC1C(C(=O)c3c(cccc3)N=1)C2,Inactive,
62-73-7,C(Cl)(Cl)=COP(=O)(OC)OC,Active,
62-75-9,CN(C)N=O,Inactive,
63-05-8,C1(=O)C2(C)C(C3C(C4(C)C(=CC(=O)CC4)CC3)CC2)CC1,Inactive,
63-25-2,c1(OC(=O)NC)c2c(cccc2)ccc1,Inactive,
64-67-5,C(C)OS(=O)(=O)OCC,Inactive,
64-86-8,C12C(c3c(OC)c(OC)c(OC)cc3CCC1NC(C)=O)=CC=C(OC)C(=O)C=2,Inactive,
65-23-6,c1(C)c(O)c(CO)c(CO)cn1,Inactive,
66-27-3,COS(C)(=O)=O,Active,
66-81-9,C1(=O)C(C(O)CC2CC(=O)NC(=O)C2)CC(C)CC1C,Inactive,
67-20-9,C1(C=NN2C(=O)NC(=O)C2)=CC=C(N(=O)=O)O1,Inactive,
67-30-1,c1(I)c(Oc2cc(I)c(O)c(I)c2)c(I)cc(CC(=O)O)c1,Inactive,
68-12-2,C(=O)N(C)C,Inactive,
68-96-2,C(C)(=O)C1(O)C2(C)C(C3C(C4(C)C(=CC(=O)CC4)CC3)CC2)CC1,Inactive,
69-09-0,c12c(cc(Cl)cc1)N(CCCN(C)C)c1c(cccc1)S2,Inactive,
69-65-8,C(O)(C(O)C(O)C(O)CO)CO,Inactive,
69-74-9,C1(N)C=CN(C2C(O)C(O)C(CO)O2)C(=O)N=1,Inactive,
72-20-8,C12(Cl)C(Cl)(Cl)C(Cl)(C(Cl)=C1Cl)C1C3C4C(C(C21)C3)O4,Inactive,
72-43-5,C(Cl)(Cl)(Cl)C(c1ccc(OC)cc1)c1ccc(OC)cc1,Inactive,
72-54-8,c1(C(c2ccc(Cl)cc2)C(Cl)Cl)ccc(Cl)cc1,Inactive,
72-55-9,c1(C(c2ccc(Cl)cc2)=C(Cl)Cl)ccc(Cl)cc1,Inactive,
73-22-3,C1(CC(N)C(=O)O)c2c(cccc2)NC=1,Inactive,
75-60-5,C(C)(C)C,Inactive,
75-99-0,C(=O)(O)C(C)(Cl)Cl,Inactive,
76-44-8,C12(Cl)C(Cl)(Cl)C(Cl)(C(Cl)=C1Cl)C1C(Cl)C=CC21,Inactive,
76-87-9,C(=O)(CCCCCCC(=O)OCCCCC(CC)CO)OCCCCC(CC)CO,Inactive,
77-09-8,c1(C2(c3ccc(O)cc3)c3c(C(=O)O2)cccc3)ccc(O)cc1,Active,
77-40-7,c1(C(C)(c2ccc(O)cc2)CC)ccc(O)cc1,Active,
77-47-4,C1(Cl)C(Cl)(Cl)C(Cl)=C(Cl)C=1Cl,Inactive,
77-48-5,C1(=O)C(C)(C)N(Br)C(=O)N1Br,Inactive,
77-71-4,C1(=O)C(C)(C)NC(=O)N1,Inactive,
77-78-1,COS(=O)(=O)OC,Active,
77-89-4,C(=O)(C(CC(=O)OCC)(CC(=O)OCC)OC(C)=O)OCC,Inactive,
77-90-7,C(=O)(C(CC(=O)OCCCC)(CC(=O)OCCCC)OC(C)=O)OCCCC,Inactive,
77-92-9,C(=O)(O)C(O)(CC(=O)O)CC(=O)O,Inactive,
77-93-0,C(=O)(C(O)(CC(=O)OCC)CC(=O)OCC)OCC,Inactive,
78-42-2,C(CCCC)(CC)COP(=O)(OCC(CCCC)CC)OCC(CCCC)CC,Inactive,
78-48-8,C(CCC)SP(=O)(SCCCC)SCCCC,Inactive,
78-59-1,C1(=O)C=C(C)CC(C)(C)C1,Inactive,
78-63-7,C(C)(C)(CCC(C)(C)OOC(C)(C)C)OOC(C)(C)C,Inactive,
79-06-1,C(N)(=O)C=C,Inactive,
79-16-3,C(C)(=O)NC,Inactive,
79-39-0,C(N)(=O)C(=C)C,Inactive,
79-43-6,C(=O)(O)C(Cl)Cl,Inactive,
79-44-7,C(=O)(Cl)N(C)C,Inactive,
80-08-0,c1(S(=O)(=O)c2ccc(N)cc2)ccc(N)cc1,Active,
80-15-9,C(C)(C)(c1ccccc1)OO,Inactive,
80-43-3,C(C)(C)(c1ccccc1)OOC(C)(C)c1ccccc1,Inactive,
81-81-2,C1(=O)c2c(cccc2)OC(=O)C1C(c1ccccc1)CC(C)=O,Inactive,
82-68-8,c1(Cl)c(Cl)c(Cl)c(Cl)c(Cl)c1N(=O)=O,Inactive,
83-32-9,c12c3c(cccc3ccc1)CC2,Inactive,
83-41-0,c1(N(=O)=O)c(C)c(C)ccc1,Inactive,
83-67-0,C1(=O)C2=C(N(C)C(=O)N1)NC=N2C,Inactive,
84-66-2,C(=O)(c1c(C(=O)OCC)cccc1)OCC,Inactive,
84-69-5,C(=O)(c1c(C(=O)OCC(C)C)cccc1)OCC(C)C,Inactive,
84-74-2,C(=O)(c1c(C(=O)OCCCC)cccc1)OCCCC,Inactive,
84-75-3,C(=O)(c1c(C(=O)OCCCCCC)cccc1)OCCCCCC,Inactive,
85-01-8,c12c(c3c(cccc3)cc1)cccc2,Inactive,
85-68-7,C(=O)(c1c(C(=O)OCc2ccccc2)cccc1)OCCCC,Inactive,
86-30-6,c1(N(c2ccccc2)N=O)ccccc1,Inactive,
86-50-0,C1(=O)c2c(cccc2)N=NN1CSP(=S)(OC)OC,Active,
86-73-7,c12-c3c(cccc3)Cc1cccc2,Inactive,
87-61-6,c1(Cl)c(Cl)c(Cl)ccc1,Inactive,
87-62-7,c1(C)c(N)c(C)ccc1,Inactive,
87-69-4,C(=O)(O)C(O)C(O)C(=O)O,Inactive,
87-86-5,c1(Cl)c(Cl)c(Cl)c(Cl)c(Cl)c1O,Active,
87-90-1,C1(=O)N(Cl)C(=O)N(Cl)C(=O)N1Cl,Active,
88-06-2,c1(Cl)c(O)c(Cl)cc(Cl)c1,Inactive,
88-12-0,C1(=O)CCCN1C=C,Inactive,
88-18-6,C(C)(C)(C)c1c(O)cccc1,Inactive,
88-58-4,C(C)(C)(C)c1c(O)cc(C(C)(C)C)c(O)c1,Active,
88-72-2,c1(N(=O)=O)c(C)cccc1,Inactive,
88-85-7,c1(N(=O)=O)c(O)c(C(C)CC)cc(N(=O)=O)c1,Inactive,
89-04-3,C(=O)(c1c(C(=O)OCCCCCCCC)cc(C(=O)OCCCCCCCC)cc1)OCCCCCCCC,Inactive,
89-72-5,c1(O)c(C(C)CC)cccc1,Inactive,
89-83-8,c1(O)c(C(C)C)ccc(C)c1,Inactive,
90-04-0,c1(OC)c(N)cccc1,Active,
90-12-0,c1(C)c2c(cccc2)ccc1,Inactive,
91-20-3,c12c(cccc1)cccc2,Inactive,
91-22-5,c12c(cccc1)cccn2,Inactive,
91-53-2,C1(C)c2c(ccc(OCC)c2)NC(C)(C)C=1,Active,
91-59-8,c12c(cc(N)cc1)cccc2,Active,
91-62-3,c12c(cc(C)cc1)cccn2,Inactive,
91-64-5,c12c(C=CC(=O)O1)cccc2,Inactive,
91-66-7,c1(N(CC)CC)ccccc1,Inactive,
92-52-4,c1(-c2ccccc2)ccccc1,Inactive,
92-68-2,c1(C(C)(C)c2ccc(O)cc2)ccc(O)cc1,Inactive,
92-87-5,c1(-c2ccc(N)cc2)ccc(N)cc1,Inactive,
93-15-2,c1(OC)c(OC)cc(CC=C)cc1,Inactive,
94-13-3,C(=O)(c1ccc(O)cc1)OCCC,Inactive,
94-26-8,C(=O)(c1ccc(O)cc1)OCCCC,Inactive,
94-28-0,C(=O)(C(CCCC)CC)OCCOCCOCCOC(=O)C(CCCC)CC,Inactive,
94-74-6,c1(OCC(=O)O)c(C)cc(Cl)cc1,Inactive,
94-75-7,c1(OCC(=O)O)c(Cl)cc(Cl)cc1,Inactive,
94-82-6,c1(OCCCC(=O)O)c(Cl)cc(Cl)cc1,Inactive,
95-14-7,c12c(cccc1)N=NN2,Inactive,
95-48-7,c1(O)c(C)cccc1,Inactive,
95-49-8,c1(Cl)c(C)cccc1,Inactive,
95-50-1,c1(Cl)c(Cl)cccc1,Inactive,
95-53-4,c1(N)c(C)cccc1,Active,
95-57-8,c1(Cl)c(O)cccc1,Inactive,
95-63-6,c1(C)c(C)cc(C)cc1,Inactive,
95-65-8,c1(C)c(C)cc(O)cc1,Inactive,
95-87-4,c1(C)c(O)cc(C)cc1,Inactive,
95-94-3,c1(Cl)c(Cl)cc(Cl)c(Cl)c1,Inactive,
95-95-4,c1(Cl)c(Cl)cc(Cl)c(O)c1,Inactive,
96-09-3,c1(C2CO2)ccccc1,Inactive,
96-18-4,C(Cl)(CCl)CCl,Inactive,
96-23-1,C(O)(CCl)CCl,Inactive,
96-29-7,C(C)(CC)N=O,Inactive,
96-48-0,C1(=O)CCCO1,Inactive,
97-53-0,c1(O)c(OC)cc(CC=C)cc1,Active,
97-54-1,c1(O)c(OC)cc(C=CC)cc1,Active,
97-77-8,C(=S)(N(CC)CC)SSC(=S)N(CC)CC,Inactive,
98-01-1,C1(C=O)=CC=CO1,Inactive,
98-06-6,C(C)(C)(C)c1ccccc1,Inactive,
98-07-7,C(Cl)(Cl)(Cl)c1ccccc1,Inactive,
98-86-2,C(C)(=O)c1ccccc1,Inactive,
98-87-3,c1(C(Cl)Cl)ccccc1,Inactive,
98-95-3,c1(N(=O)=O)ccccc1,Inactive,
99-08-1,c1(N(=O)=O)cc(C)ccc1,Inactive,
99-30-9,c1(Cl)c(N)c(Cl)cc(N(=O)=O)c1,Inactive,
99-51-4,c1(C)c(C)cc(N(=O)=O)cc1,Inactive,
99-54-7,c1(Cl)c(Cl)cc(N(=O)=O)cc1,Inactive,
99-55-8,c1(C)c(N)cc(N(=O)=O)cc1,Inactive,
99-59-2,c1(OC)c(N)cc(N(=O)=O)cc1,Active,
99-62-7,c1(C(C)C)cc(C(C)C)ccc1,Inactive,
99-65-0,c1(N(=O)=O)cc(N(=O)=O)ccc1,Inactive,
99-66-1,C(=O)(O)C(CCC)CCC,Inactive,
99-76-3,C(=O)(c1ccc(O)cc1)OC,Inactive,
99-87-6,c1(C(C)C)ccc(C)cc1,Inactive,
99-97-8,c1(N(C)C)ccc(C)cc1,Active,
99-99-0,c1(N(=O)=O)ccc(C)cc1,Inactive,
100-00-5,c1(Cl)ccc(N(=O)=O)cc1,Inactive,
100-01-6,c1(N)ccc(N(=O)=O)cc1,Inactive,
100-37-8,C(O)CN(CC)CC,Inactive,
100-51-6,c1(CO)ccccc1,Inactive,
100-54-9,C(#N)c1cccnc1,Inactive,
100-97-0,C1N2CN3CN(CN1C3)C2,Inactive,
101-02-0,c1(OP(Oc2ccccc2)Oc2ccccc2)ccccc1,Active,
101-10-0,C(=O)(O)C(C)Oc1cc(Cl)ccc1,Inactive,
101-21-3,c1(Cl)cc(NC(=O)OC(C)C)ccc1,Inactive,
101-54-2,c1(N)ccc(Nc2ccccc2)cc1,Active,
101-55-3,c1(Br)ccc(Oc2ccccc2)cc1,Inactive,
101-77-9,c1(N)ccc(Cc2ccc(N)cc2)cc1,Active,
101-80-4,c1(Oc2ccc(N)cc2)ccc(N)cc1,Active,
101-86-0,c1(C=C(C=O)CCCCCC)ccccc1,Inactive,
102-06-7,c1(NC(=N)Nc2ccccc2)ccccc1,Inactive,
102-27-2,c1(NCC)cc(C)ccc1,Active,
102-60-3,C(C)(O)CN(CC(C)O)CCN(CC(C)O)CC(C)O,Inactive,
102-71-6,C(O)CN(CCO)CCO,Inactive,
102-76-1,C(C)(=O)OC(COC(C)=O)COC(C)=O,Inactive,
102-82-9,C(CCC)N(CCCC)CCCC,Inactive,
103-23-1,C(=O)(CCCCC(=O)OCC(CCCC)CC)OCC(CCCC)CC,Inactive,
103-24-2,C(=O)(CCCCCCCC(=O)OCC(CCCC)CC)OCC(CCCC)CC,Inactive,
103-33-3,c1(N=Nc2ccccc2)ccccc1,Inactive,
103-65-1,c1(CCC)ccccc1,Inactive,
103-69-5,c1(NCC)ccccc1,Active,
103-90-2,c1(O)ccc(NC(C)=O)cc1,Inactive,
104-51-8,c1(CCCC)ccccc1,Inactive,
104-67-6,C1(=O)CCC(CCCCCCC)O1,Inactive,
104-76-7,C(CCCC)(CC)CO,Inactive,
105-54-4,C(=O)(CCC)OCC,Inactive,
105-60-2,C1(=O)CCCCCN1,Inactive,
105-67-9,c1(O)c(C)cc(C)cc1,Active,
105-99-7,C(=O)(CCCCC(=O)OCCCC)OCCCC,Inactive,
106-22-9,C(C)(C)=CCCC(C)CCO,Inactive,
106-27-4,C(=O)(CCC)OCCC(C)C,Inactive,
106-30-9,C(=O)(CCCCCC)OCC,Inactive,
106-44-5,c1(O)ccc(C)cc1,Inactive,
106-46-7,c1(Cl)ccc(Cl)cc1,Inactive,
106-47-8,c1(Cl)ccc(N)cc1,Active,
106-49-0,c1(N)ccc(C)cc1,Active,
106-65-0,C(=O)(CCC(=O)OC)OC,Inactive,
106-87-6,C1(C2CC3C(CC2)O3)CO1,Inactive,
107-07-3,C(Cl)CO,Inactive,
107-18-6,C(=C)CO,Inactive,
107-21-1,C(O)CO,Inactive,
107-41-5,C(C)(C)(O)CC(C)O,Inactive,
107-88-0,C(C)(O)CCO,Inactive,
107-92-6,C(=O)(O)CCC,Inactive,
107-98-2,C(C)(O)COC,Inactive,
108-01-0,C(O)CN(C)C,Inactive,
108-11-2,C(C)(O)CC(C)C,Inactive,
108-44-1,c1(N)cc(C)ccc1,Active,
108-45-2,c1(N)cc(N)ccc1,Active,
108-46-3,c1(O)cc(O)ccc1,Active,
108-59-8,C(=O)(CC(=O)OC)OC,Inactive,
108-67-8,c1(C)cc(C)cc(C)c1,Inactive,
108-80-5,c1(O)nc(O)nc(O)n1,Inactive,
108-91-8,C1(N)CCCCC1,Inactive,
108-93-0,C1(O)CCCCC1,Inactive,
108-94-1,C1(=O)CCCCC1,Inactive,
109-43-3,C(=O)(CCCCCCCCC(=O)OCCCC)OCCCC,Inactive,
109-86-4,C(O)COC,Inactive,
110-05-4,C(C)(C)(C)OOC(C)(C)C,Inactive,
110-26-9,C(=O)(C=C)NCNC(=O)C=C,Inactive,
110-62-3,C(=O)CCCC,Inactive,
110-80-5,C(O)COCC,Inactive,
110-85-0,C1CNCCN1,Inactive,
111-11-5,C(=O)(CCCCCCC)OC,Inactive,
111-14-8,C(=O)(O)CCCCCC,Inactive,
111-15-9,C(C)(=O)OCCOCC,Inactive,
111-21-7,C(C)(=O)OCCOCCOCCOC(C)=O,Inactive,
111-30-8,C(=O)CCCC=O,Inactive,
111-42-2,C(O)CNCCO,Inactive,
111-44-4,C(Cl)COCCCl,Inactive,
111-46-6,C(O)COCCO,Inactive,
111-69-3,C(#N)CCCCC#N,Inactive,
111-76-2,C(CCC)OCCO,Inactive,
111-77-3,C(O)COCCOC,Inactive,
111-82-0,C(=O)(CCCCCCCCCCC)OC,Inactive,
111-87-5,C(O)CCCCCCC,Inactive,
111-90-0,C(O)COCCOCC,Inactive,
111-96-6,C(COCCOC)OC,Inactive,
112-00-5,C(CCCCCCCCCCC)N{+}(C)(C)C,Inactive,
112-05-0,C(=O)(O)CCCCCCCC,Inactive,
112-25-4,C(CCCCC)OCCO,Inactive,
112-27-6,C(O)COCCOCCO,Inactive,
112-30-1,C(O)CCCCCCCCC,Inactive,
112-34-5,C(CCC)OCCOCCO,Inactive,
112-38-9,C(=O)(O)CCCCCCCCC=C,Inactive,
112-42-5,C(O)CCCCCCCCCC,Inactive,
112-49-2,C(COCCOCCOC)OC,Inactive,
112-50-5,C(O)COCCOCCOCC,Inactive,
112-53-8,C(O)CCCCCCCCCCC,Inactive,
112-70-9,C(O)CCCCCCCCCCCC,Inactive,
112-72-1,C(O)CCCCCCCCCCCCC,Inactive,
113-48-4,C1(=O)C2C(C(=O)N1CC(CCCC)CC)C1C=CC2C1,Inactive,
114-07-8,C1(C)(O)C(O)C(C)C(=O)C(C)CC(C)(O)C(OC2C(O)C(N(C)C)CC(C)O2)C(C)C(OC2CC(C)(OC)C(O)C(C)O2)C(C)C(=O)OC1CC,Inactive,
114-26-1,c1(OC(C)C)c(OC(=O)NC)cccc1,Inactive,
115-28-6,C12(Cl)C(Cl)(Cl)C(Cl)(C(Cl)=C1Cl)C(C(=O)O)C2C(=O)O,Inactive,
115-29-7,C12(Cl)C(Cl)(Cl)C(Cl)(C(Cl)=C1Cl)C1C2COS(=O)OC1,Inactive,
115-32-2,C(Cl)(Cl)(Cl)C(O)(c1ccc(Cl)cc1)c1ccc(Cl)cc1,Inactive,
115-77-5,C(CO)(CO)(CO)CO,Inactive,
115-86-6,c1(OP(=O)(Oc2ccccc2)Oc2ccccc2)ccccc1,Inactive,
115-96-8,C(Cl)COP(=O)(OCCCl)OCCCl,Inactive,
116-06-3,C(C)(C)(C=NOC(=O)NC)SC,Inactive,
116-25-6,C1(=O)C(C)(C)N(CO)C(=O)N1,Inactive,
117-39-5,C1(=O)C(=O)c2c(O)cc(O)cc2OC1c1cc(O)c(O)cc1,Active,
117-79-3,c12C(=O)c3c(C(=O)c1cc(N)cc2)cccc3,Inactive,
117-81-7,C(=O)(c1c(C(=O)OCC(CCCC)CC)cccc1)OCC(CCCC)CC,Inactive,
117-84-0,C(=O)(c1c(C(=O)OCCCCCCCC)cccc1)OCCCCCCCC,Active,
118-52-5,C1(=O)C(C)(C)N(Cl)C(=O)N1Cl,Inactive,
118-71-8,C1(=O)C(=O)C=COC1C,Active,
119-36-8,C(=O)(c1c(O)cccc1)OC,Inactive,
119-61-9,c1(C(=O)c2ccccc2)ccccc1,Inactive,
119-93-7,c1(-c2cc(C)c(N)cc2)cc(C)c(N)cc1,Inactive,
120-12-7,c12c(cc3c(cccc3)c1)cccc2,Active,
120-32-1,c1(O)c(Cc2ccccc2)cc(Cl)cc1,Inactive,
120-36-5,c1(OC(C)C(=O)O)c(Cl)cc(Cl)cc1,Inactive,
120-47-8,C(=O)(c1ccc(O)cc1)OCC,Inactive,
120-61-6,C(=O)(c1ccc(C(=O)OC)cc1)OC,Inactive,
120-71-8,c1(OC)c(N)cc(C)cc1,Active,
120-80-9,c1(O)c(O)cccc1,Active,
120-82-1,c1(Cl)c(Cl)cc(Cl)cc1,Inactive,
120-83-2,c1(O)c(Cl)cc(Cl)cc1,Inactive,
121-00-6,C(C)(C)(C)c1c(O)ccc(OC)c1,Active,
121-14-2,c1(C)c(N(=O)=O)cc(N(=O)=O)cc1,Inactive,
121-33-5,c1(O)c(OC)cc(C=O)cc1,Inactive,
121-69-7,c1(N(C)C)ccccc1,Active,
121-75-5,C(=O)(C(CC(=O)OCC)SP(=S)(OC)OC)OCC,Active,
121-79-9,C(=O)(c1cc(O)c(O)c(O)c1)OCCC,Active,
121-91-5,C(=O)(O)c1cc(C(=O)O)ccc1,Inactive,
122-14-5,c1(N(=O)=O)c(C)cc(OP(=S)(OC)OC)cc1,Active,
122-34-9,c1(Cl)nc(NCC)nc(NCC)n1,Inactive,
122-39-4,c1(Nc2ccccc2)ccccc1,Inactive,
122-62-3,C(=O)(CCCCCCCCC(=O)OCC(CCCC)CC)OCC(CCCC)CC,Inactive,
122-66-7,c1(NNc2ccccc2)ccccc1,Inactive,
122-99-6,c1(OCCO)ccccc1,Inactive,
123-01-3,c1(CCCCCCCCCCCC)ccccc1,Inactive,
123-25-1,C(=O)(CCC(=O)OCC)OCC,Inactive,
123-31-9,c1(O)ccc(O)cc1,Active,
123-33-1,C1(=O)C=CC(=O)NN1,Inactive,
123-35-3,C(=C)(C=C)CCC=C(C)C,Inactive,
123-42-2,C(C)(=O)CC(C)(C)O,Inactive,
123-51-3,C(C)(C)CCO,Inactive,
124-04-9,C(=O)(O)CCCCC(=O)O,Inactive,
124-13-0,C(=O)CCCCCCC,Inactive,
124-18-5,C(C)CCCCCCCC,Inactive,
124-94-7,C(=O)(C1(O)C2(C)C(C3C(F)(C4(C)C(=CC(=O)C=C4)CC3)C(O)C2)CC1O)CO,Inactive,
126-11-4,C(CO)(CO)(CO)N(=O)=O,Inactive,
126-14-7,C1(COC(C)=O)(OC2C(OC(C)=O)C(OC(C)=O)C(OC(C)=O)C(COC(C)=O)O2)C(OC(C)=O)C(OC(C)=O)C(COC(C)=O)O1,Inactive,
126-73-8,C(CCC)OP(=O)(OCCCC)OCCCC,Inactive,
126-86-3,C(C)(O)(C#CC(C)(O)CC(C)C)CC(C)C,Inactive,
127-51-5,C(C)(=O)C(C)=CC1C(C)=CCCC1(C)C,Inactive,
129-00-0,c12c3c4c(ccc3ccc1)cccc4cc2,Inactive,
131-11-3,C(=O)(c1c(C(=O)OC)cccc1)OC,Inactive,
131-17-9,C(=O)(c1c(C(=O)OCC=C)cccc1)OCC=C,Inactive,
131-18-0,C(=O)(c1c(C(=O)OCCCCC)cccc1)OCCCCC,Inactive,
131-55-5,c1(C(=O)c2c(O)cc(O)cc2)c(O)cc(O)cc1,Active,
131-70-4,C(=O)(O)c1c(C(=O)OCCCC)cccc1,Inactive,
132-64-9,c12-c3c(cccc3)Oc1cccc2,Inactive,
133-06-2,C1(=O)C2C(C(=O)N1SC(Cl)(Cl)Cl)CC=CC2,Inactive,
133-90-4,C(=O)(O)c1c(Cl)c(N)cc(Cl)c1,Active,
134-20-3,C(=O)(c1c(N)cccc1)OC,Active,
134-62-3,C(=O)(c1cc(C)ccc1)N(CC)CC,Inactive,
135-19-3,c12c(cc(O)cc1)cccc2,Active,
136-45-8,C(=O)(c1ccc(C(=O)OCCC)cn1)OCCC,Inactive,
136-60-7,C(=O)(c1ccccc1)OCCCC,Inactive,
136-77-6,c1(CCCCCC)c(O)cc(O)cc1,Active,
139-13-9,C(=O)(O)CN(CC(=O)O)CC(=O)O,Inactive,
139-40-2,c1(Cl)nc(NC(C)C)nc(NC(C)C)n1,Inactive,
140-56-7,C1(CC)CO1,Active,
140-64-7,C(=N)(N)c1ccc(OCCCCCOc2ccc(C(=N)N)cc2)cc1,Inactive,
141-04-8,C(=O)(O)CCCCCCCCCCCCCCCCC,Inactive,
141-43-5,C(O)CN,Inactive,
141-66-2,C(=O)(C=C(C)OP(=O)(OC)OC)N(C)C,Inactive,
142-04-1,c1(N)ccccc1,Active,
142-62-1,C(=O)(O)CCCCC,Inactive,
143-50-0,C12(Cl)C3(Cl)C4(Cl)C(Cl)(Cl)C5(Cl)C(Cl)(C(Cl)(C35Cl)C1=O)C24Cl,Inactive,
145-73-3,C(=O)(O)C1C(C(=O)O)C2CCC1O2,Inactive,
147-24-0,c1(C(c2ccccc2)OCCN(C)C)ccccc1,Inactive,
148-79-8,C1(C2=CSC=N2)=Nc2c(cccc2)N1,Inactive,
149-30-4,c12c(cccc1)N=C(S)S2,Active,
149-57-5,C(=O)(O)CCCCCCC,Inactive,
150-13-0,C(=O)(O)c1ccc(N)cc1,Active,
150-68-5,c1(Cl)ccc(NC(=O)N(C)C)cc1,Active,
156-60-5,C(Cl)=CCl,Inactive,
205-99-2,c12c(c3c4c(c5c(c4ccc3)cccc5)c1)cccc2,Inactive,
206-44-0,c12c3c(c4c(c3ccc1)cccc4)ccc2,Inactive,
208-96-8,c12c3c(C=Cc3ccc1)ccc2,Inactive,
271-89-6,c12c(C=CO1)cccc2,Inactive,
288-88-0,C1N=CNN=1,Inactive,
298-00-0,c1(OP(=S)(OC)OC)ccc(N(=O)=O)cc1,Active,
298-04-4,C(CSCC)SP(=S)(OCC)OCC,Inactive,
298-46-4,c12c(C=Cc3c(cccc3)N1C(N)=O)cccc2,Inactive,
300-76-5,C(Cl)(Cl)(Br)C(Br)OP(=O)(OC)OC,Inactive,
307-24-4,C(F)(F)(F)C(F)(F)C(F)(F)C(F)(F)C(F)(F)C(=O)O,Inactive,
309-00-2,C12(Cl)C(Cl)(Cl)C(Cl)(C(Cl)=C1Cl)C1C3C=CC(C21)C3,Inactive,
314-40-9,C1(=O)C(Br)C(C)=NC(=O)N1C(C)CC,Inactive,
319-85-7,C1(Cl)C(Cl)C(Cl)C(Cl)C(Cl)C1Cl,Inactive,
330-54-1,c1(Cl)c(Cl)cc(NC(=O)N(C)C)cc1,Active,
330-55-2,c1(Cl)c(Cl)cc(NC(=O)N(C)OC)cc1,Active,
333-41-5,c1(C(C)C)nc(OP(=S)(OCC)OCC)cc(C)n1,Active,
334-48-5,C(=O)(O)CCCCCCCCC,Inactive,
335-67-1,C(F)(F)(F)C(F)(F)C(F)(F)C(F)(F)C(F)(F)C(F)(F)C(F)(F)C(=O)O,Inactive,
375-85-9,C(F)(F)(F)C(F)(F)C(F)(F)C(F)(F)C(F)(F)C(F)(F)C(=O)O,Active,
427-51-0,C1(Cl)C2C(C)(C3C(C(=O)C=2)C3)C2C(C3C(C)(C(C(C)=O)(OC(C)=O)CC3)CC2)C=1,Inactive,
486-56-6,c1(C2CCC(=O)N2C)cccnc1,Inactive,
510-15-6,C(=O)(C(O)(c1ccc(Cl)cc1)c1ccc(Cl)cc1)OCC,Inactive,
521-18-6,C12(C)C(C3C(C4(C)C(CC(=O)CC4)CC3)CC1)CCC2O,Inactive,
527-60-6,c1(C)c(O)c(C)cc(C)c1,Active,
528-29-0,c1(N(=O)=O)c(N(=O)=O)cccc1,Inactive,
532-32-1,C(=O)(O)c1ccccc1,Inactive,
533-74-4,C1(=S)N(C)CN(C)CS1,Active,
534-52-1,c1(N(=O)=O)c(O)c(C)cc(N(=O)=O)c1,Inactive,
541-73-1,c1(Cl)cc(Cl)ccc1,Inactive,
544-76-3,C(C)CCCCCCCCCCCCCC,Inactive,
553-26-4,c1(-c2ccncc2)ccncc1,Inactive,
556-52-5,C1(CO)CO1,Inactive,
556-61-6,C(=S)=NC,Inactive,
556-67-2,C[Si]1(C)O[Si](C)(C)O[Si](C)(C)O[Si](C)(C)O1,Inactive,
563-12-2,C(C)OP(=S)(OCC)SCSP(=S)(OCC)OCC,Active,
576-26-1,c1(C)c(O)c(C)ccc1,Active,
579-66-8,c1(CC)c(N)c(CC)ccc1,Inactive,
584-13-4,C1N(N)C=NN=1,Inactive,
599-79-1,C(=O)(O)c1c(O)ccc(N=Nc2ccc(S(=O)(=O)Nc3ccccn3)cc2)c1,Inactive,
602-01-7,c1(N(=O)=O)c(N(=O)=O)c(C)ccc1,Inactive,
606-20-2,c1(N(=O)=O)c(C)c(N(=O)=O)ccc1,Inactive,
614-45-9,C(=O)(c1ccccc1)OOC(C)(C)C,Inactive,
621-64-7,C(CC)N(CCC)N=O,Inactive,
627-18-9,C(Br)CCO,Inactive,
627-93-0,C(=O)(CCCCC(=O)OC)OC,Inactive,
628-63-7,C(C)(=O)OCCC(C)C,Inactive,
629-62-9,C(C)CCCCCCCCCCCCC,Inactive,
629-76-5,C(O)CCCCCCCCCCCCCC,Inactive,
637-07-0,C(=O)(C(C)(C)Oc1ccc(Cl)cc1)OCC,Inactive,
647-42-7,C(F)(F)(F)C(F)(F)C(F)(F)C(F)(F)C(F)(F)C(F)(F)CCO,Inactive,
678-39-7,C(F)(F)(F)C(F)(F)C(F)(F)C(F)(F)C(F)(F)C(F)(F)C(F)(F)C(F)(F)CCO,Inactive,
709-98-8,c1(Cl)c(Cl)cc(NC(=O)CC)cc1,Active,
712-50-5,c1(C(=O)C2CCCCC2)ccccc1,Inactive,
744-45-6,C(=O)(c1cc(C(=O)Oc2ccccc2)ccc1)Oc1ccccc1,Inactive,
754-91-6,C(F)(F)(C(F)(F)C(F)(F)C(F)(F)C(F)(F)C(F)(F)C(F)(F)C(F)(F)F)S(N)(=O)=O,Inactive,
759-94-4,C(=O)(N(CCC)CCC)SCC,Inactive,
789-02-6,c1(Cl)c(C(c2ccc(Cl)cc2)C(Cl)(Cl)Cl)cccc1,Inactive,
797-63-7,C(#C)C1(O)C2(CC)C(C3C(C4C(=CC(=O)CC4)CC3)CC2)CC1,Inactive,
822-06-0,C(=O)=NCCCCCCN=C=O,Inactive,
824-78-2,c1(O)ccc(N(=O)=O)cc1,Inactive,
826-62-0,C1(=O)C2C(C(=O)O1)C1C=CC2C1,Inactive,
828-00-2,C(C)(=O)OC1CC(C)OC(C)O1,Inactive,
834-12-8,c1(SC)nc(NCC)nc(NC(C)C)n1,Inactive,
838-88-0,c1(N)c(C)cc(Cc2cc(C)c(N)cc2)cc1,Active,
872-50-4,C1(=O)CCCN1C,Inactive,
924-16-3,C(CCC)N(CCCC)N=O,Inactive,
929-59-9,C(CN)OCCOCCN,Inactive,
950-37-8,C1(=O)N(CSP(=S)(OC)OC)N=C(OC)S1,Active,
962-58-3,c1(C(C)C)nc(OP(=O)(OCC)OCC)cc(C)n1,Inactive,
1007-28-9,c1(Cl)nc(N)nc(NCC)n1,Inactive,
1024-57-3,C12(Cl)C(Cl)(Cl)C(Cl)(C(Cl)=C1Cl)C1C(Cl)C3C(C21)O3,Inactive,
1034-01-1,C(=O)(c1cc(O)c(O)c(O)c1)OCCCCCCCC,Active,
1095-90-5,C(=O)(C(c1ccccc1)(c1ccccc1)CC(C)N(C)C)CC,Inactive,
1119-40-0,C(=O)(CCCC(=O)OC)OC,Inactive,
1120-01-0,C(CCCCCCCCCCCCCCC)OS(=O)(=O)O,Inactive,
1120-21-4,C(C)CCCCCCCCC,Inactive,
1120-36-1,C(=C)CCCCCCCCCCCC,Inactive,
1120-71-4,C1CCOS1(=O)=O,Inactive,
1134-23-2,C(=O)(N(C1CCCCC1)CC)SCC,Inactive,
1156-19-0,c1(S(=O)(=O)NC(=O)NN2CCCCCC2)ccc(C)cc1,Active,
1194-65-6,C(#N)c1c(Cl)cccc1Cl,Inactive,
1300-72-7,c1(C)c(C)cc(S(=O)(=O)O)cc1,Inactive,
1338-43-8,C(=O)(CCCCCCCC=CCCCCCCCC)OCC(O)C1C(O)C(O)CO1,Inactive,
1445-75-6,C(C)(C)OP(C)(=O)OC(C)C,Inactive,
1563-66-2,c1(OC(=O)NC)c2c(ccc1)CC(C)(C)O2,Inactive,
1582-09-8,C(F)(F)(F)c1cc(N(=O)=O)c(N(CCC)CCC)c(N(=O)=O)c1,Inactive,
1596-84-5,C(=O)(O)CCC(=O)NN(C)C,Inactive,
1610-18-0,c1(OC)nc(NC(C)C)nc(NC(C)C)n1,Inactive,
1634-78-2,C(=O)(C(CC(=O)OCC)SP(=O)(OC)OC)OCC,Active,
1646-75-9,C(C)(C)(CN=O)SC,Inactive,
1689-84-5,C(#N)c1cc(Br)c(O)c(Br)c1,Inactive,
1698-60-8,C1(=O)C(Cl)C(=N)C=NN1c1ccccc1,Inactive,
1763-23-1,C(F)(F)(C(F)(F)C(F)(F)C(F)(F)C(F)(F)C(F)(F)C(F)(F)C(F)(F)F)S(=O)(=O)O,Inactive,
1836-75-5,c1(Oc2ccc(N(=O)=O)cc2)c(Cl)cc(Cl)cc1,Inactive,
1843-05-6,c1(C(=O)c2c(O)cc(OCCCCCCCC)cc2)ccccc1,Inactive,
1861-32-1,C(=O)(c1c(Cl)c(Cl)c(C(=O)OC)c(Cl)c1Cl)OC,Inactive,
1861-40-1,C(F)(F)(F)c1cc(N(=O)=O)c(N(CCCC)CC)c(N(=O)=O)c1,Inactive,
1897-45-6,C(#N)c1c(Cl)c(C#N)c(Cl)c(Cl)c1Cl,Inactive,
1912-24-9,c1(Cl)nc(NCC)nc(NC(C)C)n1,Inactive,
1918-00-9,C(=O)(O)c1c(OC)c(Cl)ccc1Cl,Inactive,
1/2/1918,C(=O)(O)c1c(Cl)c(N)c(Cl)c(Cl)n1,Inactive,
1918-16-7,c1(N(C(=O)CCl)C(C)C)ccccc1,Inactive,
1929-77-7,C(=O)(N(CCC)CCC)SCCC,Inactive,
1929-82-4,C(Cl)(Cl)(Cl)c1cccc(Cl)n1,Inactive,
1934-21-0,C(=O)(O)C1C(N=Nc2ccc(S(=O)(=O)O)cc2)C(=O)N(c2ccc(S(=O)(=O)O)cc2)N=1,Inactive,
1948-33-0,C(C)(C)(C)c1c(O)ccc(O)c1,Active,
2008-41-5,C(=O)(N(CC(C)C)CC(C)C)SCC,Inactive,
2043-57-4,C(F)(F)(F)C(F)(F)C(F)(F)C(F)(F)C(F)(F)C(F)(F)CCI,Inactive,
2058-94-8,C(F)(F)(F)C(F)(F)C(F)(F)C(F)(F)C(F)(F)C(F)(F)C(F)(F)C(F)(F)C(F)(F)C(F)(F)C(=O)O,Inactive,
2104-64-5,c1(OP(=S)(c2ccccc2)OCC)ccc(N(=O)=O)cc1,Active,
2144-53-8,C(F)(F)(F)C(F)(F)C(F)(F)C(F)(F)C(F)(F)C(F)(F)CCOC(=O)C(=C)C,Inactive,
2164-17-2,C(F)(F)(F)c1cc(NC(=O)N(C)C)ccc1,Inactive,
2176-62-7,c1(Cl)c(Cl)c(Cl)c(Cl)c(Cl)n1,Inactive,
2212-67-1,C(=O)(N1CCCCCC1)SCC,Inactive,
2303-17-5,C(Cl)(Cl)=C(Cl)CSC(=O)N(C(C)C)C(C)C,Inactive,
2312-35-8,C(C)(C)(C)c1ccc(OC2C(OS(=O)OCC#C)CCCC2)cc1,Inactive,
2385-85-5,C12(Cl)C3(Cl)C4(Cl)C(Cl)(Cl)C5(Cl)C(Cl)(C(Cl)(C35Cl)C1(Cl)Cl)C24Cl,Inactive,
2392-39-4,C(=O)(C1(O)C2(C)C(C3C(F)(C4(C)C(=CC(=O)C=C4)CC3)C(O)C2)CC1C)COP(=O)(O)O,Inactive,
2416-94-6,c1(C)c(O)c(C)c(C)cc1,Active,
1/6/2425,C1(=O)C2C(C(=O)N1SC(Cl)(Cl)C(Cl)Cl)CC=CC2,Inactive,
2432-87-3,C(=O)(CCCCCCCCC(=O)OCCCCCCCC)OCCCCCCCC,Inactive,
2433-14-9,C1(C2CCC(O)CC2)CCCCC1,Inactive,
2451-62-9,C1(=O)N(CC2CO2)C(=O)N(CC2CO2)C(=O)N1CC1CO1,Active,
2528-16-7,C(=O)(O)c1c(C(=O)OCc2ccccc2)cccc1,Inactive,
2550-40-5,C1(SSC2CCCCC2)CCCCC1,Inactive,
2593-15-9,C(Cl)(Cl)(Cl)C1N=C(OCC)SN=1,Inactive,
2605-79-0,C(CCCCCCCCC)N{+}(C)(C)O{-},Inactive,
2634-33-5,C1(=O)c2c(cccc2)SN1,Inactive,
2675-77-6,c1(Cl)c(OC)cc(Cl)c(OC)c1,Inactive,
2783-94-0,c1(O)c(N=Nc2ccc(S(=O)(=O)O)cc2)c2c(cc(S(=O)(=O)O)cc2)cc1,Inactive,
2835-95-2,c1(C)c(O)cc(N)cc1,Active,
2943-75-1,C(CCCCCCC)[Si](OCC)(OCC)OCC,Inactive,
2971-36-0,C(Cl)(Cl)(Cl)C(c1ccc(O)cc1)c1ccc(O)cc1,Active,
3033-77-0,C1(CN{+}(C)(C)C)CO1,Inactive,
3056-17-5,C1(=O)C(C)=CN(C2C=CC(CO)O2)C(=O)N1,Inactive,
3147-75-9,C(C)(C)(c1cc(N2Nc3c(cccc3)N2)c(O)cc1)CC(C)(C)C,Inactive,
3252-43-5,C(#N)C(Br)Br,Inactive,
3296-90-0,C(CO)(CO)(CBr)CBr,Inactive,
3319-31-1,C(=O)(c1c(C(=O)OCC(CCCC)CC)cc(C(=O)OCC(CCCC)CC)cc1)OCC(CCCC)CC,Active,
3739-38-6,C(=O)(O)c1cc(Oc2ccccc2)ccc1,Inactive,
3855-32-1,C(CCN(C)CCCN(C)C)N(C)C,Inactive,
3871-99-6,C(F)(F)(C(F)(F)C(F)(F)C(F)(F)C(F)(F)C(F)(F)F)S(=O)(=O)O,Inactive,
4098-71-9,C1(C)(C)CC(C)(CN=C=O)CC(N=C=O)C1,Inactive,
4151-50-2,C(F)(F)(C(F)(F)C(F)(F)C(F)(F)C(F)(F)C(F)(F)C(F)(F)C(F)(F)F)S(=O)(=O)NCC,Inactive,
4180-23-8,c1(C=CC)ccc(OC)cc1,Active,
4291-63-8,c1(N)c2c(nc(Cl)n1)N(C1CC(O)C(CO)O1)=CN2,Inactive,
4376-18-5,C(=O)(O)c1c(C(=O)OC)cccc1,Inactive,
4376-20-9,C(=O)(O)c1c(C(=O)OCC(CCCC)CC)cccc1,Inactive,
4418-26-2,C(C)(=O)C1C(=O)C=C(C)OC1=O,Inactive,
4449-51-8,C12(C(C)=C3C(C4C(C5(C)C(=CC4)CC(O)CC5)C3)CC1)C(C)C1C(CC(C)CN1)O2,Inactive,
4455-26-9,C(CCCCCCC)N(C)CCCCCCCC,Inactive,
4904-61-4,C1=CCCC=CCCC=CCC1,Inactive,
5216-25-1,C(Cl)(Cl)(Cl)c1ccc(Cl)cc1,Inactive,
5234-68-4,C(=O)(C1=C(C)OCCS1)Nc1ccccc1,Active,
5349-51-9,C(C)(C)(C1CCC(O)CC1)CC,Inactive,
5392-40-5,C(C)(=CC=O)CCC=C(C)C,Active,
5598-13-0,c1(Cl)c(Cl)cc(Cl)c(OP(=S)(OCC)OCC)n1,Active,
5877-42-9,C(#C)C(O)C(CCCC)CC,Inactive,
5902-51-2,C1(=O)C(Cl)C(C)=NC(=O)N1C(C)(C)C,Inactive,
5915-41-3,C(C)(C)(C)Nc1nc(Cl)nc(NCC)n1,Inactive,
6055-19-2,C1CCNP(=O)(N(CCCl)CCCl)O1,Inactive,
6153-64-6,C1(=O)C2(O)C(=O)C3C(=O)c4c(C(C)(O)C3C(O)C2C(N(C)C)C(=O)C1C(N)=O)cccc4O,Active,
6317-18-6,C(#N)SCSC#N,Active,
6381-77-7,C1(=O)C(=O)C(O)C(C(O)CO)O1,Active,
6385-62-2,c12-c3ccccn{+}3CCn{+}1cccc2,Inactive,
6422-86-2,C(=O)(c1ccc(C(=O)OCC(CCCC)CC)cc1)OCC(CCCC)CC,Inactive,
6624-73-3,C(=O)(c1ccccc1)OCCCCCOC(=O)c1ccccc1,Inactive,
6734-80-1,C(=S)(S)NC,Active,
6846-50-0,C(C)(C)(C(C(C)C)OC(=O)C(C)C)COC(=O)C(C)C,Inactive,
6923-22-4,C(=O)(C=C(C)OP(=O)(OC)OC)NC,Active,
7287-19-6,c1(SC)nc(NC(C)C)nc(NC(C)C)n1,Inactive,
7378-99-6,C(CCCCCCC)N(C)C,Inactive,
7696-12-0,C1(=O)C2=C(C(=O)N1COC(=O)C1C(C)(C)C1C=C(C)C)CCCC2,Inactive,
7747-35-5,C12(CC)COCN1COC2,Inactive,
7786-34-7,C(=O)(C=C(C)OP(=O)(OC)OC)OC,Active,
10016-20-3,C12C(O)C(O)C(C(CO)O1)OC1C(O)C(O)C(C(CO)O1)OC1C(O)C(O)C(C(CO)O1)OC1C(O)C(O)C(C(CO)O1)OC1C(O)C(O)C(C(CO)O1)OC1C(O)C(O)C(C(CO)O1)O2,Inactive,
10222-01-2,C(N)(=O)C(Br)(Br)C#N,Inactive,
10265-92-6,COP(N)(=O)SC,Active,
10540-29-1,c1(C(c2ccc(OCCN(C)C)cc2)=C(c2ccccc2)CC)ccccc1,Inactive,
12427-38-2,C(=S)(S)NCCNC(=S)S,Active,
13194-48-4,C(CC)SP(=O)(OCC)SCCC,Active,
13292-46-1,C12(C)C(=O)c3c(c(C)c(O)c4c(O)c(c(C=NN5CCN(C)CC5)c(O)c34)NC(=O)C(C)=CC=CC(C)C(O)C(C)C(O)C(C)C(OC(C)=O)C(C)C(OC)C=CO1)O2,Active,
13311-84-7,C(F)(F)(F)c1c(N(=O)=O)ccc(NC(=O)C(C)C)c1,Inactive,
13674-87-8,C(CCl)(CCl)OP(=O)(OC(CCl)CCl)OC(CCl)CCl,Inactive,
15307-79-6,c1(Cl)c(Nc2c(CC(=O)O)cccc2)c(Cl)ccc1,Inactive,
15310-01-7,C(=O)(c1c(I)cccc1)Nc1ccccc1,Inactive,
15619-48-4,c12c(cccc1)cccn{+}2Cc1ccccc1,Inactive,
15972-60-8,c1(CC)c(N(C(=O)CCl)COC)c(CC)ccc1,Inactive,
16672-87-0,C(Cl)CP(=O)(O)O,Active,
16752-77-5,C(C)(=NOC(=O)NC)SC,Inactive,
17804-35-2,c12c(cccc1)N(C(=O)NCCCC)C(NC(=O)OC)=N2,Inactive,
19044-88-3,c1(N(=O)=O)c(N(CCC)CCC)c(N(=O)=O)cc(S(N)(=O)=O)c1,Inactive,
19666-30-9,C1(C(C)(C)C)=NN(c2c(Cl)cc(Cl)c(OC(C)C)c2)C(=O)O1,Inactive,
19774-82-4,c1(C(=O)C2c3c(cccc3)OC=2CCCC)cc(I)c(OCCN(CC)CC)c(I)c1,Inactive,
20325-40-0,c1(-c2cc(OC)c(N)cc2)cc(OC)c(N)cc1,Inactive,
21087-64-9,C1(=O)C(C(C)(C)C)=NN=C(SC)N1N,Inactive,
21725-46-2,C(#N)C(C)(C)Nc1nc(Cl)nc(NCC)n1,Inactive,
22224-92-6,c1(SC)c(C)cc(OP(=O)(NC(C)C)OCC)cc1,Inactive,
22781-23-3,c1(OC(=O)NC)c2c(ccc1)OC(C)(C)O2,Inactive,
22915-73-7,C(=O)(c1ccccc1)OCCCCCCOC(=O)c1ccccc1,Inactive,
23103-98-2,c1(OC(=O)N(C)C)c(C)c(C)nc(N(C)C)n1,Inactive,
23135-22-0,C(C(=O)N(C)C)(=NOC(=O)NC)SC,Inactive,
23184-66-9,c1(CC)c(N(C(=O)CCl)COCCCC)c(CC)ccc1,Inactive,
23422-53-9,c1(OC(=O)NC)cc(N=CN(C)C)ccc1,Active,
23564-05-8,c1(NC(=S)NC(=O)OC)c(NC(=S)NC(=O)OC)cccc1,Active,
23593-75-1,c1(C(c2c(Cl)cccc2)(c2ccccc2)N2C=CN=C2)ccccc1,Inactive,
23779-32-0,C(N)(=O)NCCC[Si](OCC)(OCC)OCC,Inactive,
23950-58-5,C(=O)(c1cc(Cl)cc(Cl)c1)NC(C)(C)C#C,Inactive,
24307-26-4,C1CCCCN{+}1(C)C,Inactive,
24602-86-6,C1(C)CN(CCCCCCCCCCCCC)CC(C)O1,Inactive,
25057-89-0,C1(=O)c2c(cccc2)NS(=O)(=O)N1C(C)C,Inactive,
25265-71-8,C(O)(CC)OC(O)CC,Inactive,
25498-49-1,C(C)(COC(C)COC(C)CO)OC,Inactive,
25606-41-1,C(=O)(NCCCN(C)C)OCCC,Inactive,
26172-55-4,C1(=O)C=C(Cl)SN1C,Inactive,
26225-79-6,C(=O)(O)C(C)c1ccc(CC(C)C)cc1,Inactive,
26530-20-1,C1(=O)C=CSN1CCCCCCCC,Inactive,
27178-16-1,C(=O)(CCCCC(=O)OCCCCCCCC(C)C)OCCCCCCCC(C)C,Inactive,
27314-13-2,C(F)(F)(F)c1cc(N2C(=O)C(Cl)C(=NC)C=N2)ccc1,Inactive,
27955-94-8,c1(C(C)(c2ccc(O)cc2)c2ccc(O)cc2)ccc(O)cc1,Active,
28249-77-6,c1(Cl)ccc(CSC(=O)N(CC)CC)cc1,Inactive,
29091-21-2,C(F)(F)(F)c1c(N)c(N(=O)=O)c(N(CCC)CCC)c(N(=O)=O)c1,Inactive,
29232-93-7,c1(OP(=S)(OC)OC)cc(C)nc(N(CC)CC)n1,Active,
29420-49-3,C(F)(F)(C(F)(F)C(F)(F)C(F)(F)F)S(=O)(=O)O,Inactive,
29590-42-9,C(=O)(C=C)OCCCCCC(C)C,Inactive,
30516-87-1,C1(=O)C(C)=CN(C2CC(N=N{+}=N)C(CO)O2)C(=O)N1,Inactive,
31218-83-4,C(=O)(C=C(C)OP(=S)(NCC)OC)OC(C)C,Inactive,
32809-16-8,C1(=O)C2(C)C(C)(C(=O)N1c1cc(Cl)cc(Cl)c1)C2,Inactive,
33089-61-1,c1(N=CN(C)C=Nc2c(C)cc(C)cc2)c(C)cc(C)cc1,Inactive,
33228-44-3,c1(N)ccc(CCCCC)cc1,Active,
33629-47-9,C(C)(C)(C)c1cc(N(=O)=O)c(NC(C)CC)c(N(=O)=O)c1,Inactive,
33703-08-1,C(=O)(CCCCC(=O)OCCCCCCC(C)C)OCCCCCCC(C)C,Inactive,
33820-53-0,c1(N(=O)=O)c(N(CCC)CCC)c(N(=O)=O)cc(C(C)C)c1,Inactive,
34014-18-1,C1(C(C)(C)C)=NN=C(N(C)C(=O)NC)S1,Inactive,
34256-82-1,c1(C)c(N(C(=O)CCl)COCC)c(CC)ccc1,Inactive,
34590-94-8,C(O)(CC)OCCCOC,Inactive,
35256-85-0,C(=O)(C(C)(C)C)N(C(C)C)Cc1ccccc1,Inactive,
35554-44-0,c1(Cl)c(C(CN2C=CN=C2)OCC=C)ccc(Cl)c1,Inactive,
35575-96-3,c12c(cc(Cl)cn1)OC(=O)N2CSP(=O)(OC)OC,Active,
36653-82-4,C(O)CCCCCCCCCCCCCCC,Inactive,
36734-19-7,c1(Cl)cc(Cl)cc(N2C(=O)CN(C(=O)NC(C)C)C2=O)c1,Inactive,
39515-41-8,C1(C)(C)C(C)(C)C1C(=O)OC(c1cc(Oc2ccccc2)ccc1)C#N,Inactive,
40487-42-1,c1(N(=O)=O)c(NC(CC)CC)c(N(=O)=O)c(C)c(C)c1,Inactive,
41372-08-1,C(=O)(O)C(C)(N)Cc1cc(O)c(O)cc1,Active,
41481-66-7,c1(O)c(CC=C)cc(S(=O)(=O)c2cc(CC=C)c(O)cc2)cc1,Active,
42509-80-8,C1(OP(=S)(OCC)OCC)N=C(Cl)N(C(C)C)N=1,Active,
42874-03-3,C(F)(F)(F)c1cc(Cl)c(Oc2cc(OCC)c(N(=O)=O)cc2)cc1,Inactive,
43121-43-3,C(C)(C)(C)C(=O)C(N1C=NC=N1)Oc1ccc(Cl)cc1,Inactive,
43222-48-6,c1(C2C=C(c3ccccc3)N(C)N{+}=2C)ccccc1,Inactive,
49562-28-9,c1(C(=O)c2ccc(OC(C)(C)C(=O)OC(C)C)cc2)ccc(Cl)cc1,Inactive,
50471-44-8,C1(=O)C(C)(C=C)OC(=O)N1c1cc(Cl)cc(Cl)c1,Inactive,
50594-66-6,C(=O)(O)c1c(N(=O)=O)ccc(Oc2c(Cl)cc(C(F)(F)F)cc2)c1,Inactive,
50892-23-4,c1(Nc2cc(Cl)nc(SCC(=O)O)n2)c(C)c(C)ccc1,Inactive,
51218-45-2,c1(C)c(N(C(=O)CCl)C(C)COC)c(CC)ccc1,Inactive,
51235-04-2,C1(=O)N(C2CCCCC2)C(=O)N(C)C(N(C)C)=N1,Inactive,
51338-27-3,c1(Oc2ccc(OC(C)C(=O)OC)cc2)c(Cl)cc(Cl)cc1,Inactive,
51707-55-2,c1(NC(=O)NC2=CN=NS2)ccccc1,Active,
52315-07-8,C(#N)C(c1cc(Oc2ccccc2)ccc1)OC(=O)C1C(C)(C)C1C=C(Cl)Cl,Inactive,
52645-53-1,C(=O)(C1C(C)(C)C1C=C(Cl)Cl)OCc1cc(Oc2ccccc2)ccc1,Inactive,
52806-53-8,C(F)(F)(F)c1c(N(=O)=O)ccc(NC(=O)C(C)(C)O)c1,Inactive,
53112-28-0,c1(C)cc(C)nc(Nc2ccccc2)n1,Inactive,
53894-23-8,C(=O)(c1c(C(=O)OCCCCCCC(C)C)cc(C(=O)OCCCCCCC(C)C)cc1)OCCCCCCC(C)C,Inactive,
54593-83-8,C(Cl)(Cl)(Cl)C(Cl)OP(=S)(OCC)OCC,Active,
55219-65-3,C(C)(C)(C)C(O)C(N1C=NC=N1)Oc1ccc(Cl)cc1,Inactive,
55283-68-6,C(F)(F)(F)c1cc(N(=O)=O)c(N(CC(=C)C)CC)c(N(=O)=O)c1,Inactive,
55285-14-8,c1(OC(=O)N(C)SN(CCCC)CCCC)c2c(ccc1)CC(C)(C)O2,Inactive,
55290-64-7,C1(C)=C(C)S(=O)(=O)CCS1(=O)=O,Inactive,
55335-06-3,c1(Cl)c(Cl)cc(Cl)c(OCC(=O)O)n1,Inactive,
55406-53-6,C(I)#CCOC(=O)NCCCC,Inactive,
57754-85-5,C(=O)(O)c1c(Cl)ccc(Cl)n1,Inactive,
57837-19-1,c1(C)c(N(C(=O)COC)C(C)C(=O)OC)c(C)ccc1,Inactive,
57966-95-7,C(=O)(C(C#N)=NOC)NC(=O)NCC,Active,
59669-26-0,C(C)(=NOC(=O)N(C)SN(C)C(=O)ON=C(C)SC)SC,Inactive,
59756-60-4,c1(C2C(=O)C(c3cc(C(F)(F)F)ccc3)=CN(C)C=2)ccccc1,Inactive,
60168-88-9,c1(C(O)(c2c(Cl)cccc2)c2ccc(Cl)cc2)cncnc1,Inactive,
60207-90-1,C1(c2c(Cl)cc(Cl)cc2)(CN2C=NC=N2)OC(CCC)CO1,Inactive,
62924-70-3,C(F)(F)(F)c1cc(N(=O)=O)c(N(Cc2c(Cl)cccc2F)CC)c(N(=O)=O)c1,Inactive,
63612-50-0,C(F)(F)(F)c1c(N(=O)=O)ccc(N2C(=O)C(C)(C)NC2=O)c1,Inactive,
66215-27-8,c1(N)nc(N)nc(NC2CC2)n1,Inactive,
66230-04-4,C(#N)C(c1cc(Oc2ccccc2)ccc1)OC(=O)C(c1ccc(Cl)cc1)C(C)C,Inactive,
66332-96-5,C(F)(F)(F)c1c(C(=O)Nc2cc(OC(C)C)ccc2)cccc1,Inactive,
66456-53-9,C(=O)(O)CCCCC(=O)OC(C)COC(=O)CCCCCCCCCCC,Inactive,
67747-09-5,c1(Cl)c(OCCN(C(=O)N2C=CN=C2)CCC)c(Cl)cc(Cl)c1,Inactive,
68359-37-5,c1(F)c(Oc2ccccc2)cc(C(C#N)OC(=O)C2C(C)(C)C2C=C(Cl)Cl)cc1,Inactive,
68392-35-8,c1(C(c2ccc(OCCN(C)C)cc2)=C(c2ccccc2)CC)ccc(O)cc1,Inactive,
68515-49-1,C(=O)(c1c(C(=O)OCCCCCCCC(C)C)cccc1)OCCCCCCCC(C)C,Inactive,
68694-11-1,C(F)(F)(F)c1c(N=C(COCCC)N2C=CN=C2)ccc(Cl)c1,Inactive,
69327-76-0,c1(N2C(=O)N(C(C)C)C(=NC(C)(C)C)SC2)ccccc1,Inactive,
69377-81-7,c1(F)c(Cl)c(N)c(Cl)c(OCC(=O)O)n1,Inactive,
69655-05-6,C1(=O)C2=C(N(C3CCC(CO)O3)C=N2)N=CN1,Inactive,
71283-80-2,c12c(cc(Cl)cc1)OC(Oc1ccc(OC(C)C(=O)OCC)cc1)=N2,Inactive,
71751-41-2,C12C3(O)C(C(=O)OC4CC5(C=CC(C)C(C(C)CC)O5)OC(CC=C(C)C(OC5CC(OC)C(OC6CC(OC)C(O)C(C)O6)C(C)O5)C(C)C=CC=1)C4)C=C(C)C(O)C3OC2,Inactive,
72178-02-0,C(=O)(c1c(N(=O)=O)ccc(Oc2c(Cl)cc(C(F)(F)F)cc2)c1)NS(C)(=O)=O,Inactive,
72490-01-8,c1(OCCNC(=O)OCC)ccc(Oc2ccccc2)cc1,Inactive,
74051-80-2,C(C1C(=O)CC(CC(C)SCC)CC1=O)(CCC)=NOCC,Inactive,
74115-24-5,c1(-c2c(Cl)cccc2)nnc(-c2c(Cl)cccc2)nn1,Inactive,
75330-75-5,C12C(C(CCC3CC(O)CC(=O)O3)C(C)C=C1)C(OC(=O)C(C)CC)CC(C)C=2,Inactive,
76578-14-8,c12c(cc(Cl)cc1)ncc(Oc1ccc(OC(C)C(=O)OCC)cc1)n2,Inactive,
76738-62-0,C(C)(C)(C)C(O)C(Cc1ccc(Cl)cc1)N1C=NC=N1,Inactive,
77501-63-4,C(=O)(c1c(N(=O)=O)ccc(Oc2c(Cl)cc(C(F)(F)F)cc2)c1)OC(C)C(=O)OCC,Inactive,
78587-05-0,c1(C2C(C)N(C(=O)NC3CCCCC3)C(=O)S2)ccc(Cl)cc1,Inactive,
79241-46-6,C(F)(F)(F)c1ccc(Oc2ccc(OC(C)C(=O)OCCCC)cc2)nc1,Inactive,
79538-32-2,C(F)(F)(F)C(Cl)=CC1C(C)(C)C1C(=O)OCc1c(F)c(F)c(C)c(F)c1F,Inactive,
79622-59-6,C(F)(F)(F)c1c(Cl)c(N(=O)=O)c(Nc2c(Cl)cc(C(F)(F)F)cn2)c(N(=O)=O)c1,Inactive,
79983-71-4,C(O)(c1c(Cl)cc(Cl)cc1)(CCCC)CN1C=NC=N1,Inactive,
80844-07-1,C(C)(C)(c1ccc(OCC)cc1)COCc1cc(Oc2ccccc2)ccc1,Inactive,
81131-70-6,C12C(C(CCC(O)CC(O)CC(=O)O)C(C)C=C1)C(OC(=O)C(C)CC)CC(O)C=2,Inactive,
81334-34-1,C(=O)(O)c1c(C2=NC(C)(C(C)C)C(=O)N2)nccc1,Inactive,
81335-37-7,C(=O)(O)c1c(C2=NC(C)(C(C)C)C(=O)N2)nc2c(cccc2)c1,Inactive,
81335-77-5,C(=O)(O)c1c(C2=NC(C)(C(C)C)C(=O)N2)ncc(CC)c1,Inactive,
81406-37-3,c1(F)c(Cl)c(N)c(Cl)c(OCC(=O)OC(C)CCCCCC)n1,Inactive,
81777-89-1,C1(=O)C(C)(C)CON1Cc1c(Cl)cccc1,Inactive,
82385-42-0,C1(=O)c2c(cccc2)S(=O)(=O)N1,Inactive,
82469-79-2,C(=O)(C(CC(=O)OCCCCCC)(CC(=O)OCCCCCC)OC(=O)CCC)OCCCCCC,Inactive,
82558-50-7,C(=O)(c1c(OC)cccc1OC)NC1=CC(C(C)(CC)CC)=NO1,Inactive,
82640-04-8,c1(C(=O)C2c3c(cc(O)cc3)SC=2c2ccc(O)cc2)ccc(OCCN2CCCCC2)cc1,Inactive,
82657-04-3,c1(-c2c(C)c(COC(=O)C3C(C)(C)C3C=C(Cl)C(F)(F)F)ccc2)ccccc1,Inactive,
83657-24-3,c1(Cl)c(C=C(C(O)C(C)(C)C)N2C=NC=N2)ccc(Cl)c1,Inactive,
84087-01-4,C(=O)(O)c1c2c(cc(Cl)cn2)ccc1Cl,Inactive,
85509-19-9,c1([Si](C)(c2ccc(F)cc2)CN2C=NC=N2)ccc(F)cc1,Inactive,
85532-75-8,c1(-c2c3c(cc(C(=O)N(C)C(C)CC)n2)cccc3)c(Cl)cccc1,Inactive,
86386-73-4,C(O)(c1c(F)cc(F)cc1)(CN1C=NC=N1)CN1C=NC=N1,Inactive,
86479-06-3,C(=O)(c1c(F)cccc1F)NC(=O)Nc1cc(Cl)c(OC(F)(F)C(F)F)c(Cl)c1,Active,
87546-18-7,C1(=O)C2=C(C(=O)N1c1c(F)cc(Cl)c(OCC(=O)OCCCCC)c1)CCCC2,Inactive,
87674-68-8,C1(C)C(N(C(=O)CCl)C(C)COC)=C(C)SC=1,Inactive,
87820-88-0,c1(C)c(C2CC(=O)C(C(CC)=NOCC)C(=O)C2)c(C)cc(C)c1,Inactive,
88671-89-0,C(#N)C(c1ccc(Cl)cc1)(CCCC)CN1C=NC=N1,Inactive,
90823-38-4,c1(C)c(NC(=O)CN{+}(Cc2ccccc2)(CC)CC)c(C)ccc1,Inactive,
91082-17-6,c1(OS(=O)(=O)CCCCCCCCCCCCCCC)ccccc1,Inactive,
94361-06-5,c1(C(O)(C(C)C2CC2)CN2C=NC=N2)ccc(Cl)cc1,Inactive,
95266-40-3,C1(=O)C(C(=O)C2CC2)C(=O)CC(C(=O)OCC)C1,Inactive,
95737-68-1,c1(OCC(C)Oc2ccccn2)ccc(Oc2ccccc2)cc1,Inactive,
96489-71-3,C1(=O)C(Cl)=C(SCc2ccc(C(C)(C)C)cc2)C=NN1C(C)(C)C,Inactive,
97322-87-7,c1(C)c(O)c(C)c(C)c2c1CCC(C)(COc1ccc(CC3C(=O)NC(=O)S3)cc1)O2,Active,
97886-45-8,C(F)(F)(F)c1c(C(=O)SC)c(CC(C)C)c(C(=O)SC)c(C(F)F)n1,Inactive,
98886-44-3,C1(=O)N(P(=O)(OCC)SC(C)CC)CCS1,Active,
98967-40-9,c1(F)c(NS(=O)(=O)C2=Nc3nc(C)ccn3N2)c(F)ccc1,Inactive,
103361-09-7,C1(=O)C2=C(C(=O)N1c1c(F)cc3c(c1)N(CC#C)C(=O)CO3)CCCC2,Inactive,
104098-48-8,C(=O)(O)c1c(C2=NC(=O)C(C)(C(C)C)N2)ncc(C)c1,Inactive,
104206-82-8,C(=O)(c1c(N(=O)=O)cc(S(C)(=O)=O)cc1)C1C(=O)CCCC1=O,Active,
104795-68-8,C1(OC(C)C)c2c(ccc(OC)c2)SC=1C(=O)NC1=NN=NN1,Inactive,
105512-06-9,c1(Oc2ccc(OC(C)C(=O)OCC#C)cc2)c(F)cc(Cl)cn1,Inactive,
105624-86-0,C1(=O)c2c(C(=O)N1c1c(C(C)C)cccc1C(C)C)cc(O)cc2,Inactive,
107534-96-3,C(C)(C)(C)C(O)(CCc1ccc(Cl)cc1)CN1C=NC=N1,Inactive,
110235-47-7,c1(C#CC)cc(C)nc(Nc2ccccc2)n1,Inactive,
110488-70-5,c1(C(c2cc(OC)c(OC)cc2)=CC(=O)N2CCOCC2)ccc(Cl)cc1,Inactive,
111812-58-9,C1(Oc2ccccc2)C(C=NOCc2ccc(C(=O)OC(C)(C)C)cc2)=C(C)NN=1C,Inactive,
111988-49-9,c1(Cl)ccc(CN2C(=NC#N)SCC2)cn1,Inactive,
112281-77-3,c1(Cl)c(C(CN2C=NC=N2)COC(F)(F)C(F)F)ccc(Cl)c1,Inactive,
112410-23-8,C(=O)(c1cc(C)cc(C)c1)N(C(C)(C)C)NC(=O)c1ccc(CC)cc1,Inactive,
112529-15-4,C1(=O)C(Cc2ccc(OCCc3ccc(CC)cn3)cc2)SC(=O)N1,Inactive,
112733-06-9,C1(=O)c2c(cc(Cl)cc2)N(CC(=O)O)C(=O)N1Cc1c(F)cc(Br)cc1,Inactive,
113136-77-9,C(=O)(O)C1(C(=O)Nc2c(Cl)cc(Cl)cc2)CC1,Inactive,
113734-18-2,C(F)(F)(F)C1=NC(C(O)CNC(C)Cc2ccc(OCC(=O)O)cc2)=CS1,Inactive,
114311-32-9,C(=O)(O)c1c(C2=NC(C)(C(C)C)C(=O)N2)ncc(COC)c1,Inactive,
114369-43-6,C(#N)C(c1ccccc1)(CCc1ccc(Cl)cc1)CN1C=NC=N1,Inactive,
116714-46-6,C(=O)(c1c(F)cccc1F)NC(=O)Nc1cc(Cl)c(OC(F)(F)C(F)OC(F)(F)F)cc1,Inactive,
117337-19-6,c1(SCC(=O)OC)c(Cl)cc(F)c(N=C2N3CCCCN3C(=O)S2)c1,Inactive,
117428-22-5,C(=O)(C(c1c(COc2cccc(C(F)(F)F)n2)cccc1)=COC)OC,Inactive,
117718-60-2,C(F)(F)(F)c1c(C2=NCCS2)c(CC(C)C)c(C(=O)OC)c(C(F)F)n1,Inactive,
118134-30-8,C(C)(C)(C)C1CCC2(CC1)OC(CN(CCC)CC)CO2,Inactive,
119168-77-3,C(=O)(C1C(Cl)=C(CC)NN=1C)NCc1ccc(C(C)(C)C)cc1,Inactive,
119446-68-3,C1(c2c(Cl)cc(Oc3ccc(Cl)cc3)cc2)(CN2C=NC=N2)OC(C)CO1,Inactive,
119515-38-7,C(=O)(N1C(CCO)CCCC1)OC(C)CC,Inactive,
120068-37-3,C1(N)C(S(=O)C(F)(F)F)=C(C#N)NN=1c1c(Cl)cc(C(F)(F)F)cc1Cl,Inactive,
120116-88-3,c1(C2=C(Cl)N=C(C#N)N2S(=O)(=O)N(C)C)ccc(C)cc1,Inactive,
121552-61-2,c1(C2CC2)cc(C)nc(Nc2ccccc2)n1,Inactive,
122008-85-9,C(#N)c1cc(F)c(Oc2ccc(OC(C)C(=O)OCCCC)cc2)cc1,Inactive,
122836-35-5,c1(NS(C)(=O)=O)c(Cl)cc(Cl)c(N2C(=O)N(C(F)F)C(C)=N2)c1,Inactive,
123122-55-4,C(=O)(C1(CC(C(=O)Oc2cc3c(cc2)CCC3)COCCOC)CCCC1)NC1CCC(C(=O)O)CC1,Inactive,
123312-89-0,c1(C=NN2C(=O)NN=C(C)C2)cccnc1,Inactive,
123343-16-8,C(=O)(O)c1c(Cl)cccc1Sc1nc(OC)cc(OC)n1,Inactive,
124378-77-4,c12c(c(CC(=O)N(C)C3C(N4CCCC4)CC4(CCCO4)CC3)ccc1)C=CO2,Inactive,
124495-18-7,c1(Oc2ccc(F)cc2)c2c(Cl)cc(Cl)cc2ncc1,Inactive,
126833-17-8,C(=O)(C1(C)CCCCC1)Nc1c(Cl)c(Cl)c(O)cc1,Inactive,
127308-82-1,c12c(cc(CCN3CC(OC(c4ccccc4)c4ccccc4)CCC3)cc1)OCO2,Inactive,
128639-02-1,c1(N2C(=O)N(C(F)F)C(C)=N2)c(F)cc(Cl)c(CC(Cl)C(=O)OCC)c1,Inactive,
129298-91-5,C12(C(C3(C)C(CC=C(C)C)O3)C(OC)C(OC(=O)NC(=O)CCl)CC1)CO2,Inactive,
129453-61-8,C(F)(F)(F)C(F)(F)CCCS(=O)CCCCCCCCCC1C2C(c3c(cc(O)cc3)C1)CCC1(C)C(O)CCC21,Inactive,
129630-19-9,C1(c2c(F)cc(Cl)c(OCC(=O)OCC)c2)=C(Cl)C(OC(F)F)=N(C)N1,Inactive,
131341-86-1,C(#N)C1C(c2c3c(ccc2)OC(F)(F)O3)=CNC=1,Inactive,
131860-33-8,C(=O)(C(c1c(Oc2cc(Oc3c(C#N)cccc3)ncn2)cccc1)=COC)OC,Inactive,
131983-72-7,C1(C)(C)C(O)(CN2C=NC=N2)C(=Cc2ccc(Cl)cc2)CC1,Inactive,
134002-60-1,C(=O)(O)c1cc(CC2C(O)c3c(ccc(OCC4=Nc5c(ccc(F)c5)S4)c3)OC2)ccc1,Inactive,
134605-64-4,C(=O)(c1c(Cl)ccc(N2C(=O)C=C(C(F)(F)F)N(C)C2=O)c1)OC(C)(C)C(=O)OCC=C,Inactive,
135080-03-4,C1(C(=O)C2c3c(cc(Cl)c(F)c3)N(C(N)=O)C2=O)=CC(Cl)=CS1,Inactive,
135158-54-2,C(=O)(c1c2c(ccc1)N=NS2)SC,Active,
135410-20-7,c1(Cl)ccc(CN(C)C(C)=NC#N)cn1,Inactive,
136042-19-8,C1(c2c(-c3ccc(CN4c5c(cccn5)NC=4CCCC)cc3)cccc2)=NN=NN1,Inactive,
138261-41-3,c1(Cl)ccc(CN2C(=NN(=O)=O)NCC2)cn1,Inactive,
138472-01-2,C(N)(=O)C(C=C(C(C)N(=O)=O)CC)N=O,Active,
139290-65-6,c1(OC)c(OC)c(C(O)C2CCN(CCc3ccc(F)cc3)CC2)ccc1,Inactive,
141112-29-0,C1(C(=O)c2c(S(C)(=O)=O)cc(C(F)(F)F)cc2)=C(C2CC2)ON=C1,Inactive,
141517-21-7,C(=O)(C(c1c(CON=C(C)c2cc(C(F)(F)F)ccc2)cccc1)=NOC)OC,Inactive,
142459-58-3,C(F)(F)(F)C1=NN=C(OCC(=O)N(c2ccc(F)cc2)C(C)C)S1,Active,
144550-36-7,C(=O)(c1c(S(=O)(=O)NC(=O)Nc2nc(C)nc(OC)n2)cc(I)cc1)OC,Inactive,
145701-21-9,c1(Cl)c(NS(=O)(=O)C2=Nn3c(cc(F)nc3OCC)N2)c(Cl)ccc1,Active,
145742-28-5,c1(OC)c(CNC2C(c3ccccc3)NCCC2)cc(OC(F)(F)F)cc1,Inactive,
146011-65-6,c1(C2c3c(ccc(C)c3)OC=2CN(C(=O)Nc2c(F)cc(F)cc2F)Cc2ccccc2)ccc(Cl)cc1,Inactive,
148477-71-8,C1(=O)C(c2cc(Cl)cc(Cl)c2)=C(OC(=O)C(C)(C)CC)C2(CCCCC2)O1,Inactive,
149062-75-9,c1(Cl)c2c(cc(Cl)c1)N=C1CCCCCN1C2,Inactive,
149979-41-9,C(C1C(=O)CC(C2CCOCC2)CC1=O)(CC)=NOCC=CCl,Inactive,
151506-44-4,c1(C2C=C(C(F)F)NN=2c2ccc(OC)cc2)ccc(S(C)=O)cc1,Inactive,
153233-91-1,C1(c2c(F)cccc2F)=NC(c2c(OCC)cc(C(C)(C)C)cc2)CO1,Inactive,
153719-23-4,C1(CN2C(=NN(=O)=O)N(C)COC2)=CN=C(Cl)S1,Inactive,
155569-91-8,C12C3(O)C(C(=O)OC4CC5(C=CC(C)C(C(C)CC)O5)OC(CC=C(C)C(OC5CC(OC)C(OC6CC(OC)C(NC)C(C)O6)C(C)O5)C(C)C=CC=1)C4)C=C(C)C(O)C3OC2,Inactive,
156052-68-5,C(=O)(c1cc(Cl)c(C)c(Cl)c1)NC(C)(C(=O)CCl)CC,Inactive,
159138-81-5,C(=O)(c1cc(S(C)(=O)=O)c(C(C)C)cc1)N=C(N)N,Inactive,
161050-58-4,C(=O)(c1c(C)c(OC)ccc1)NN(C(=O)c1cc(C)cc(C)c1)C(C)(C)C,Inactive,
161326-34-7,C1(=O)C(C)(c2ccccc2)N=C(SC)N1Nc1ccccc1,Active,
162706-14-1,c1(C2c3c(cccc3)N(CCCCC(=O)O)C=2C)cccnc1,Inactive,
166412-78-8,C(=O)(C1C(C(=O)OCCCCCCC(C)C)CCCC1)OCCCCCCC(C)C,Inactive,
169590-42-5,c1(C2C=C(C(F)(F)F)NN=2c2ccc(S(N)(=O)=O)cc2)ccc(C)cc1,Inactive,
171866-31-2,C1(O)(c2ccc(F)cc2)CCN(C2C(O)c3c(cc(O)cc3)OC2)CC1,Inactive,
173584-44-6,C(=O)(C12C(c3c(cc(Cl)cc3)C1)=NN(C(=O)N(c1ccc(OC(F)(F)F)cc1)C(=O)OC)CO2)OC,Inactive,
174185-16-1,C(C)(C)(O)C1c2c(c(NC(=O)c3c(Cl)cccc3Cl)ccc2)OC=1C,Inactive,
175013-18-0,c1(N(C(=O)OC)OC)c(COC2C=CN(c3ccc(Cl)cc3)N=2)cccc1,Inactive,
177785-47-6,C1(=O)c2c(cccc2)SN1C(C(=O)O)C(C)CC,Inactive,
180084-01-9,c1(-c2c(C)cc(C3=NN=C(C)O3)cc2)ccc(C(=O)N2c3c(cc4c(C5(CCN(CC)CC5)CO4)c3)CC2)cc1,Inactive,
181274-15-7,C(=O)(c1c(S(=O)(=O)NC(=O)N2C(=O)N(C)C(OCCC)=N2)cccc1)OC,Inactive,
181640-09-5,C1(c2cc(F)c(F)cc2)(CCN2CCC(c3ccccc3)(NC(=O)N(C)C)CC2)CN(C(=O)c2ccccc2)CCO1,Inactive,
184653-84-7,C(C)(=O)c1cc2c(cc1)OC(C)(C)C(O)C2NC(=O)c1ccc(F)cc1,Inactive,
186392-65-4,C(=O)(C1=Cc2c(ccc(Cl)c2)N1)NC(C(O)C(=O)N1CC(O)C(O)C1)Cc1ccccc1,Inactive,
188425-85-6,c1(-c2c(NC(=O)c3c(Cl)nccc3)cccc2)ccc(Cl)cc1,Inactive,
188489-07-8,C(F)(F)(F)C1=C(C)C(=O)N(c2c(F)cc(Cl)c(OCC(=O)OCC)c2)N=C1,Inactive,
189003-92-7,C1(CCN2CCN(c3c4c(ccn3)SC=C4)CC2)c2c(cc(F)cc2)N(CC(N)=O)C(=O)C=1,Inactive,
194098-25-4,C(=O)(C1C2C(=O)CCCC=2NC=1)Nc1ccc(CNC)cc1,Inactive,
197077-55-7,C1(c2cccn(=O)c2)=NNC(COC)=N1c1c(Cl)c(Cl)cc2c1NC(=O)C(=O)N2,Inactive,
199119-58-9,c1(S(=O)(=O)NC(=O)Nc2nc(OC)cc(OC)n2)c(OCC(F)(F)F)cccn1,Inactive,
199171-88-5,C(#N)C1(c2cc3c(C(CC)NN3C3CCCCC3)cc2)CCC(C(=O)O)CC1,Inactive,
200940-23-4,C(F)(F)(F)c1c(C)cc2c(c1)N(C(=O)Nc1ccc(Oc3c(C)nccc3)nc1)CC2,Inactive,
210880-92-5,C1(CNC(=NN(=O)=O)NC)=CN=C(Cl)S1,Inactive,
214535-77-0,C(=O)(c1c(Oc2ccc(F)cc2)nccc1)NCc1ccc(C(C)(C)O)cc1,Inactive,
215297-27-1,C1(c2c(OCCC)ccc(S(=O)(=O)N3CCN(CC)CC3)c2)=NC2C(CC)=N(Cc3ccccn3)NC=2C(=O)N1,Inactive,
219714-96-2,C(F)(F)(F)c1c(S(=O)(=O)NC2=Nn3c(c(OC)cnc3OC)N2)c(OCC(F)F)ccc1,Inactive,
219790-72-4,c1(C2=C(c3ccc(F)cc3)N=CN2C(CO)CO)ccnc(Oc2ccccc2)n1,Inactive,
220860-50-4,C1(=O)c2c(ccc(OCC)n2)N=CC1C(=O)NCc1ccccc1,Inactive,
221246-12-4,c1(C2c3c(cccc3)S(=O)(=O)N(c3c(C(F)(F)F)cccc3)C=2C(=O)O)cc2c(c(CC)c1)OCO2,Inactive,
221671-62-1,C1(c2c(OC)cc(Cl)c(OC)c2)=C(CCC2CCCCC2)SC(NC(=O)C2=Cc3c(c(C)cc(C)c3)N2CC(=O)O)=N1,Inactive,
230954-09-3,C(=O)(C1(NS(=O)(=O)c2ccc(Oc3ccc(F)cc3)cc2)CCOCC1)NO,Active,
249296-43-3,C(N)(=O)C1(c2cc(Sc3ccc(N4=C(C)NC=C4)cc3)ccc2)CCOCC1,Inactive,
253450-09-8,c12c(cc(S(=O)CCN3CCC(Cc4ccc(F)cc4)CC3)cc1)OC(=O)N2,Inactive,
261947-38-0,C(F)(F)(F)c1cc(C(F)(F)F)cc(CN(C(C)=O)C2c3c(ccc(C(F)(F)F)c3)N(C(=O)OC(C)C)C(CC)C2)c1,Inactive,
263553-33-9,C(=O)(c1cc(OCC(C)Nc2ccncc2)cc(C)c1)N(C(C)C)CC,Inactive,
264618-44-2,C1(c2cc(Cl)c(Cl)cc2)(CCCN2CCC(c3ccccc3)(NC(=O)N(C)C)CC2)CCCN(C(=O)c2ccccc2)C1,Inactive,
288104-79-0,c1(C2C(CC)=C(C(=O)NN3CCCCC3)NN=2c2c(Cl)cc(Cl)cc2)ccc(Br)cc1,Inactive,
289716-94-5,c1(Cl)c(Cl)cc(Oc2c(CNC)cc(F)cc2)cc1,Inactive,
290352-28-2,C(=O)(O)C(=O)Nc1cc(C)c(Oc2c3c(c(O)cc2)CCC3)c(C)c1,Active,
291305-06-1,c12c(C(c3cc(Cl)c(Cl)cc3)CCC1NC)ccc(S(N)(=O)=O)c2,Inactive,
298198-52-4,c1(Br)ccc(OC(=O)N2C3CCN(CC3)CC2)cc1,Inactive,
331623-06-4,c1(CC(C)C(=O)O)c(C2c3c(C(c4cc5c(cc4)OCO5)C2C(=O)O)ccc(CCCC)n3)ccc(OC)c1,Inactive,
344930-95-6,C1(=O)c2c(C(C)C)cc(OC)cc2S(=O)(=O)N1COC1=CC(=O)N2C(C(OCCN3CCCCC3)=CC=C2)=N1,Inactive,
353280-07-6,C(=O)(c1c(Oc2cc3c(cc2)NON3)nccc1)NCc1ccc(C(C)(C)O)cc1,Inactive,
361377-29-9,C1(C(c2c(Oc3c(F)c(Oc4c(Cl)cccc4)ncn3)cccc2)=NOC)=NOCCO1,Inactive,
368832-42-2,c12c(C3C(C(=O)N1C)C3)cc(OC)c(CNC1C(c3ccccc3)NC(CC)CC1)c2,Inactive,
402910-27-4,c1(SC)c(C)cc(Oc2c(CN(C)C)cc(S(N)(=O)=O)cc2)cc1,Inactive,
439687-69-1,c1(C2(N3C(C(=O)N(C)C)CC(O)C3)c3c(ccc(Cl)c3)N(S(=O)(=O)c3c(OC)cc(OC)cc3)C2=O)c(OC)cccc1,Inactive,
444610-91-7,C(F)(F)(F)c1ccc(C2=NC(CN3CCN(c4ccc(OC)cc4)CC3)=C(CSc3cc(CC)c(OCC(=O)O)cc3)S2)cc1,Inactive,
445295-04-5,C(=O)(c1c(Oc2cc3c(cc2)OCO3)nccc1)NCc1c(F)cc(OC(C)C(=O)O)cc1,Active,
460081-99-6,C(=O)(O)c1cc(N(c2cc(OC(F)F)c(OC(F)F)cc2)Cc2cccnc2)ccc1,Active,
461023-63-2,C(=O)(O)c1ccc(Oc2ccc(CN3CCC4(C(=O)NC(C(O)C5CCCCC5)C(=O)N4CCCC)CC3)cc2)cc1,Inactive,
473289-62-2,c12c(C3CCCC(C(=O)O)N3C(=O)C(NC(=O)C(C(C)C)SC(C)=O)C1)cccc2,Inactive,
478149-53-0,C(=O)(c1cc2c(cn1)OC=C2)NC1C2CCN(CC2)C1,Inactive,
478263-98-8,C(=O)(c1c(NS(=O)(=O)c2c3c(cccn3)ccc2)ccc(F)c1)NC(c1ccccc1)CC,Inactive,
501027-49-2,C1(c2ccccc2)=NC(CCOc2c3c(ccc2)N(CCC(=O)O)C=C3)=C(C)O1,Active,
527680-56-4,C(=O)(c1cc2c(cc1)OCCO2)NC1C2CCN(CC2)C1,Inactive,
588941-45-1,c1(S(C)(=O)=O)c(Cl)cc(C(C(=O)Nc2cnccn2)CC2CCCC2)cc1,Inactive,
625114-41-2,c1(S(C)(=O)=O)c(Cl)cc(C(C(=O)Nc2cnccn2)CC2CC(=O)CC2)cc1,Inactive,
648917-13-9,C(=O)(c1c(Cl)cc(F)c(F)c1)NC(=O)Nc1c(N2CCC(C(=O)O)CC2)ccc(F)c1,Inactive,
668981-02-0,C1(c2c(F)ccc(F)c2)=C(C2CCC3N(C(C(C)C)NN3)C2)OC=N1,Inactive,
676116-04-4,C1(C)(C)c2c(c(C)cc(CCN3CCN(C4c5c(cccc5)SN=4)CC3)c2)NC(=O)C1,Inactive,
686756-87-6,c12c(cc(Nc3nc4c(cn3)CN(c3c(Br)cccc3)C(=O)N4C)cc1)OCC(CO)O2,Inactive,
742693-38-5,C(F)(F)(F)c1c(Cl)c(C(=O)NC(c2ccccc2)C2CCCCN2)ccc1,Inactive,
825643-57-0,C(=O)(C(C)(C)c1cc(C(F)(F)F)cc(C(F)(F)F)c1)N(C)c1c(-c2c(C)cc(F)cc2)cc(N2C(CO)C(O)CC2)nc1,Inactive,
851916-42-2,C(=O)(C1(C(C)C)CC(NC2C(OC)COCC2)CC1)N1Cc2c(CC1)ncc(C(F)(F)F)c2,Inactive,
862243-29-6,C(=O)(O)C1C(=O)c2c(cc(Cl)c(Nc3c(Cl)cc(F)cc3F)c2)N(c2c(C(=O)O)cccc2)C=1,Inactive,
864283-48-7,C(F)(F)(F)c1c(C#N)ccc(N(CC(N)=O)CC(F)(F)F)c1,Inactive,
929601-09-2,c12c(cc(OCC(=O)OCC)cc1)CC(NCC(O)c1cc(Cl)ccc1)CC2,Inactive,
1068967-96-3,C1(C)c2c(ccc(F)c2)N(NC(=O)c2c(C)nc(-c3ccccn3)nc2)C=1,Inactive,
1111134-74-2,C12C3(O)C(C(=O)OC4CC5(CCC(C)C(CC)O5)OC(CC=C(C)CC(C)C=CC=1)C4)C=C(C)C(O)C3OC2,Inactive,
1111147-24-8,c1(C2c3c4c(cc(C)c3)CCN4C(=O)C(NC(=O)c3ccncc3)N=2)ccccc1,Inactive,
1111147-26-5,C(=O)(C1(N(CCC(=O)O)S(=O)(=O)c2ccc(Oc3ccc(F)cc3)cc2)CCCC1)NO,Active,
1111147-26-7,c1(C(C)O)nc(N2C(C)CN(c3nc(C)nc(C)n3)CC2C)ccn1,Inactive,
1111147-29-1,c1(C2c3c4c(cc(N)c3)CCN4C(=O)C(NC(=O)c3cccnc3)N=2)ccccc1,Active,
1111147-29-2,C1(CC2(CN)CCCCC2)=NOC(=O)N1,Inactive,
1111147-30-5,c1(NCc2c(OCC3=CC(C)=NO3)ccc(Cl)c2)c2c(ncn1)N(C1C(O)C(N)C(C(=O)NC)O1)=CN2,Inactive,
1111147-31-1,C(=O)(c1c(Cl)cc(F)c(S(=O)(=O)NC)c1)N1CCC(c2cc(F)ccc2)(CCN2C3CC(N4c5c(cccc5)NC=4C)CC2CC3)CC1,Inactive,
1111147-32-5,C1(c2cc3c(cc2)CCN(CCC2CCC(NC(=O)C=Cc4ccc(F)cc4)CC2)CC3)N=C(C)ON=1,Inactive,
1111147-33-0,C(#N)c1c(-c2c(F)ccc(C3=CNc4nc(C(C)(C)O)cnn34)c2)c(F)ccc1,Inactive,
1111147-33-3,c12c(ccc(CCCCCCC(c3cnc(C)nc3)CC(=O)O)n1)CCCN2,Inactive,
1111147-33-4,C12C(=C(NC3CCC(OCC(F)c4c(F)cccc4)CC3)NC=N1)C=NN=2,Inactive,
1111147-34-2,c1(-c2c(Cl)cc(C=CCN3CCCCCC3)cc2)cc(OC)ccc1,Inactive,
1111147-34-6,C(#N)C1CC(F)(F)CN1C(=O)CNC1CC2CCC(C1)N2c1ncccn1,Active,
1111147-36-4,C(F)(F)(F)c1c(Cl)c(C(=O)NC(c2ccccc2)C2C3CCN(CC3)C2)c(Cl)cc1,Inactive,
1111147-37-4,C(#N)c1c(NCc2ccccc2)c2c(cccc2)nc1NC(=O)c1ccc(OC)cc1,Inactive,
1111147-37-9,C1(=O)C(C)(c2c(C(=O)N(Cc3cccnc3)CC)cccc2Cl)c2c(ccc(Cl)c2)N1Cc1c(OC)cc(OC)cc1,Inactive,
1111147-38-1,C(=O)(C1=C(C)C(Br)=C(OCCC)S1)N1CCC(c2c(F)ccc(CN)c2)CC1,Inactive,
1111147-38-3,C(=O)(O)c1cc2c(cc1)N(CC1C=C(C3=CC=C(Cl)S3)ON=1)=C(C(=O)NC1CCN(C3CC3)CC1)N2,Inactive,
1111147-38-5,C(=O)(C1=Cc2c(cnc(OCCOC)c2)N1CC(=O)Nc1ccc(Cl)cn1)NC1CCN(C(C)C)CC1,Inactive,
1111147-38-7,C1(c2cc(Cl)c(Cl)cc2)(CCN2CCC(c3cc(F)ccc3)(NC(C)=O)CC2)CN(c2ccccc2)C(=O)CO1,Inactive,
1111148-17-6,C1(F)(F)C(=CC(=O)N2CCC(N3CCCCC3)CC2)c2c(cccc2)N(C(=O)c2ccc(NC(=O)C3=C(C)OC=C3)cc2)CC1,Inactive,
1111148-50-5,c1(C2c3c(ccc(N(=O)=O)c3)NC3C(=C(C)NN=3)N=2)c(Cl)cccc1,Active,
1111148-50-7,C1(Oc2c(F)cc(F)cc2)c2c(N(C)C(=O)C=1)nc(NCC(C)(C)O)nc2,Inactive,
1111148-50-9,c12c(cc(OC)cc1)CC(N(C1CCN(C(=O)C3CCNCC3)CC1)CCC)CC2,Inactive,
1111148-51-4,C(=O)(c1c(Cl)cc(C)cc1)NS(=O)(=O)C=Cc1ccc(OC)cc1,Inactive,
1111148-51-6,C(=O)(c1c(Cl)cc(F)cc1)NS(=O)(=O)C=Cc1ccccc1,Inactive,
1111148-51-8,C(=O)(c1c(Br)cc(F)cc1)NS(=O)(=O)C=CC1=CC=CS1,Inactive,
1191914-21-2,C(=O)(c1c(C)ncnc1C)N1CCC(C)(N2CCC3(C(CCCC)CN(CC4CCOCC4)C(=O)O3)CC2)CC1,Inactive,
